CSMILES,Tg
*CC(*)c1ccccc1.*CC(*)C=C.*C/C=C\C*.*C/C=C/C*$0.552$0.324$0.076$0.048,33.33486110000001
*CC(*)c1ccccc1.*CC(*)C=C.*C/C=C\C*.*C/C=C/C*$0.08$0.34$0.456$0.124,-51.63747637440099
*CC(*)c1ccccc1.*CC(*)C=C.*C/C=C\C*.*C/C=C/C*$0.176$0.424$0.2$0.2,-25.700507509600982
*CC(*)c1ccccc1.*CC(*)C=C.*C/C=C\C*.*C/C=C/C*$0.1$0.1$0.444$0.356,-77.49641149999997
*CC(*)c1ccccc1.*CC(*)C=C.*C/C=C\C*.*C/C=C/C*$0.424$0.5$0.048$0.028,35.96142265940006
*CC(*)c1ccccc1.*CC(*)C=C.*C/C=C\C*.*C/C=C/C*$0.124$0.1$0.612$0.164,-59.51077729999997
*CC(*)c1ccccc1.*CC(*)C=C.*C/C=C\C*.*C/C=C/C*$0.124$0.124$0.1$0.652,-62.486492099999964
*CC(*)c1ccccc1.*CC(*)C=C.*C/C=C\C*.*C/C=C/C*$0.224$0.1$0.432$0.244,-48.914337399999965
*CC(*)c1ccccc1.*CC(*)C=C.*C/C=C\C*.*C/C=C/C*$0.12$0.296$0.412$0.172,-42.531901499999975
*CC(*)c1ccccc1.*CC(*)C=C.*C/C=C\C*.*C/C=C/C*$0.06$0.176$0.552$0.212,-71.44635099999996
*CC(*)c1ccccc1.*CC(*)C=C.*C/C=C\C*.*C/C=C/C*$0.08$0.188$0.536$0.196,-67.09830402640097
*CC(*)c1ccccc1.*CC(*)C=C.*C/C=C\C*.*C/C=C/C*$0.252$0.524$0.204$0.02,5.856053099999997
*CC(*)c1ccccc1.*CC(*)C=C.*C/C=C\C*.*C/C=C/C*$0.224$0.024$0.54$0.212,-52.48812779999997
*CC(*)c1ccccc1.*CC(*)C=C.*C/C=C\C*.*C/C=C/C*$0.2$0.376$0.272$0.152,-21.816659992800965
*CC(*)c1ccccc1.*CC(*)C=C.*C/C=C\C*.*C/C=C/C*$0.2$0.228$0.404$0.168,-37.32497790340096
*CC(*)c1ccccc1.*CC(*)C=C.*C/C=C\C*.*C/C=C/C*$0.124$0.1$0.24$0.536,-67.09172559999999
*CC(*)c1ccccc1.*CC(*)C=C.*C/C=C\C*.*C/C=C/C*$0.124$0.424$0.124$0.328,-37.79536299999998
*CC(*)c1ccccc1.*CC(*)C=C.*C/C=C\C*.*C/C=C/C*$0.06$0.3$0.516$0.124,-58.98236985660097
*CC(*)c1ccccc1.*CC(*)C=C.*C/C=C\C*.*C/C=C/C*$0.08$0.188$0.512$0.22,-65.20522879999999
*CC(*)c1ccccc1.*CC(*)C=C.*C/C=C\C*.*C/C=C/C*$0.1$0.176$0.172$0.552,-73.11819339999997
*CC(*)c1ccccc1.*CC(*)C=C.*C/C=C\C*.*C/C=C/C*$0.06$0.328$0.46$0.152,-56.59162009999997
*CC(*)c1ccccc1.*CC(*)C=C.*C/C=C\C*.*C/C=C/C*$0.252$0.1$0.236$0.412,-43.840825999999964
*CC(*)c1ccccc1.*CC(*)C=C.*C/C=C\C*.*C/C=C/C*$0.1$0.1$0.68$0.12,-70.04448639999998
*CC(*)c1ccccc1.*CC(*)C=C.*C/C=C\C*.*C/C=C/C*$0.08$0.308$0.372$0.24,-53.47305269999998
*CC(*)c1ccccc1.*CC(*)C=C.*C/C=C\C*.*C/C=C/C*$0.0$0.4$0.492$0.108,-59.98286199999998
*CC(*)c1ccccc1.*CC(*)C=C.*C/C=C\C*.*C/C=C/C*$0.024$0.552$0.024$0.4,-45.895002999999974
*CC(*)c1ccccc1.*CC(*)C=C.*C/C=C\C*.*C/C=C/C*$0.052$0.476$0.22$0.252,-50.03491009999999
*CC(*)c1ccccc1.*CC(*)C=C.*C/C=C\C*.*C/C=C/C*$0.324$0.552$0.06$0.064,21.975345800000014
*CC(*)c1ccccc1.*CC(*)C=C.*C/C=C\C*.*C/C=C/C*$0.06$0.236$0.544$0.16,-61.210453899999976
*CC(*)c1ccccc1.*CC(*)C=C.*C/C=C\C*.*C/C=C/C*$0.224$0.6$0.04$0.136,9.599860061000072
*CC(*)c1ccccc1.*CC(*)C=C.*C/C=C\C*.*C/C=C/C*$0.024$0.476$0.46$0.04,-51.82017539999998
*CC(*)c1ccccc1.*CC(*)C=C.*C/C=C\C*.*C/C=C/C*$0.024$0.152$0.648$0.176,-75.39642039999998
*CC(*)c1ccccc1.*CC(*)C=C.*C/C=C\C*.*C/C=C/C*$0.0$0.492$0.256$0.252,-57.824441699999966
*CC(*)c1ccccc1.*CC(*)C=C.*C/C=C\C*.*C/C=C/C*$0.056$0.652$0.14$0.152,-30.62857169999998
*CC(*)c1ccccc1.*CC(*)C=C.*C/C=C\C*.*C/C=C/C*$0.1$0.324$0.464$0.112,-48.74346779999999
*CC(*)c1ccccc1.*CC(*)C=C.*C/C=C\C*.*C/C=C/C*$0.152$0.176$0.152$0.52,-54.123601699999966
*CC(*)c1ccccc1.*CC(*)C=C.*C/C=C\C*.*C/C=C/C*$0.0$0.076$0.12$0.804,-100.99473219999999
*CC(*)c1ccccc1.*CC(*)C=C.*C/C=C\C*.*C/C=C/C*$0.3$0.476$0.044$0.18,5.0675869000000375
*CC(*)c1ccccc1.*CC(*)C=C.*C/C=C\C*.*C/C=C/C*$0.152$0.208$0.46$0.18,-53.061218659400964
*CC(*)c1ccccc1.*CC(*)C=C.*C/C=C\C*.*C/C=C/C*$0.0$0.0$0.204$0.796,-103.69348399999998
*CC(*)c1ccccc1.*CC(*)C=C.*C/C=C\C*.*C/C=C/C*$0.12$0.328$0.392$0.16,-44.10419079999997
*CC(*)c1ccccc1.*CC(*)C=C.*C/C=C\C*.*C/C=C/C*$0.252$0.1$0.176$0.472,-44.96079739999999
*CC(*)c1ccccc1.*CC(*)C=C.*C/C=C\C*.*C/C=C/C*$0.076$0.048$0.72$0.156,-71.82098019999998
*CC(*)c1ccccc1.*CC(*)C=C.*C/C=C\C*.*C/C=C/C*$0.08$0.188$0.448$0.284,-73.01910789999997
*CC(*)c1ccccc1.*CC(*)C=C.*C/C=C\C*.*C/C=C/C*$0.0$0.124$0.768$0.108,-76.71800019999998
*CC(*)c1ccccc1.*CC(*)C=C.*C/C=C\C*.*C/C=C/C*$0.148$0.376$0.16$0.316,-30.900730099999976
*CC(*)c1ccccc1.*CC(*)C=C.*C/C=C\C*.*C/C=C/C*$0.076$0.652$0.24$0.032,-21.83336299999999
*CC(*)c1ccccc1.*CC(*)C=C.*C/C=C\C*.*C/C=C/C*$0.1$0.348$0.412$0.14,-49.573596099999975
*CC(*)c1ccccc1.*CC(*)C=C.*C/C=C\C*.*C/C=C/C*$0.12$0.328$0.296$0.256,-47.73456462040099
*CC(*)c1ccccc1.*CC(*)C=C.*C/C=C\C*.*C/C=C/C*$0.3$0.452$0.172$0.076,1.2322824999999966
*CC(*)c1ccccc1.*CC(*)C=C.*C/C=C\C*.*C/C=C/C*$0.452$0.024$0.172$0.352,-15.38701068599994
*CC(*)c1ccccc1.*CC(*)C=C.*C/C=C\C*.*C/C=C/C*$0.076$0.1$0.204$0.62,-83.76479819999997
*CC(*)c1ccccc1.*CC(*)C=C.*C/C=C\C*.*C/C=C/C*$0.0$0.276$0.004$0.72,-85.77000709999999
*CC(*)c1ccccc1.*CC(*)C=C.*C/C=C\C*.*C/C=C/C*$0.1$0.348$0.364$0.188,-45.946038002200964
*CC(*)c1ccccc1.*CC(*)C=C.*C/C=C\C*.*C/C=C/C*$0.1$0.348$0.312$0.24,-44.63269149760097
*CC(*)c1ccccc1.*CC(*)C=C.*C/C=C\C*.*C/C=C/C*$0.276$0.276$0.092$0.356,-24.308835099999982
*CC(*)c1ccccc1.*CC(*)C=C.*C/C=C\C*.*C/C=C/C*$0.524$0.0$0.12$0.356,1.479675607400054
*CC(*)c1ccccc1.*CC(*)C=C.*C/C=C\C*.*C/C=C/C*$0.1$0.168$0.516$0.216,-60.09923859999998
*CC(*)c1ccccc1.*CC(*)C=C.*C/C=C\C*.*C/C=C/C*$0.052$0.824$0.12$0.004,-9.250844599999994
*CC(*)c1ccccc1.*CC(*)C=C.*C/C=C\C*.*C/C=C/C*$0.1$0.2$0.456$0.244,-63.868329899999964
*CC(*)c1ccccc1.*CC(*)C=C.*C/C=C\C*.*C/C=C/C*$0.176$0.252$0.288$0.284,-40.94417054880097
*CC(*)c1ccccc1.*CC(*)C=C.*C/C=C\C*.*C/C=C/C*$0.276$0.348$0.076$0.3,-7.132473500000003
*CC(*)c1ccccc1.*CC(*)C=C.*C/C=C\C*.*C/C=C/C*$0.12$0.24$0.448$0.192,-49.95849169999997
*CC(*)c1ccccc1.*CC(*)C=C.*C/C=C\C*.*C/C=C/C*$0.176$0.324$0.236$0.264,-36.744929799999966
*CC(*)c1ccccc1.*CC(*)C=C.*C/C=C\C*.*C/C=C/C*$0.08$0.28$0.4$0.24,-55.405725569600975
*CC(*)c1ccccc1.*CC(*)C=C.*C/C=C\C*.*C/C=C/C*$0.0$0.176$0.168$0.656,-92.75107729999996
*CC(*)c1ccccc1.*CC(*)C=C.*C/C=C\C*.*C/C=C/C*$0.0$0.9$0.1$0.0,-15.924618399999986
*CC(*)c1ccccc1.*CC(*)C=C.*C/C=C\C*.*C/C=C/C*$0.276$0.1$0.112$0.512,-39.314162099999976
*CC(*)c1ccccc1.*CC(*)C=C.*C/C=C\C*.*C/C=C/C*$0.1$0.348$0.396$0.156,-45.97291119999997
*CC(*)c1ccccc1.*CC(*)C=C.*C/C=C\C*.*C/C=C/C*$0.12$0.268$0.308$0.304,-51.80948842140097
*CC(*)c1ccccc1.*CC(*)C=C.*C/C=C\C*.*C/C=C/C*$0.124$0.1$0.42$0.356,-68.46468329999999
*CC(*)c1ccccc1.*CC(*)C=C.*C/C=C\C*.*C/C=C/C*$0.3$0.352$0.26$0.088,-8.677404999999965
*CC(*)c1ccccc1.*CC(*)C=C.*C/C=C\C*.*C/C=C/C*$0.048$0.376$0.332$0.244,-64.03528039999998
*CC(*)c1ccccc1.*CC(*)C=C.*C/C=C\C*.*C/C=C/C*$0.276$0.476$0.132$0.116,-3.637522899999965
*CC(*)c1ccccc1.*CC(*)C=C.*C/C=C\C*.*C/C=C/C*$0.048$0.576$0.32$0.056,-39.34510499999999
*CC(*)c1ccccc1.*CC(*)C=C.*C/C=C\C*.*C/C=C/C*$0.324$0.024$0.46$0.192,-31.365566810000985
*CC(*)c1ccccc1.*CC(*)C=C.*C/C=C\C*.*C/C=C/C*$0.152$0.424$0.216$0.208,-32.96433059999998
*CC(*)c1ccccc1.*CC(*)C=C.*C/C=C\C*.*C/C=C/C*$0.348$0.452$0.084$0.116,13.211817200000041
*CC(*)c1ccccc1.*CC(*)C=C.*C/C=C\C*.*C/C=C/C*$0.024$0.024$0.288$0.664,-96.44037059999997
*CC(*)c1ccccc1.*CC(*)C=C.*C/C=C\C*.*C/C=C/C*$0.324$0.052$0.092$0.532,-30.32538014960099
*CC(*)c1ccccc1.*CC(*)C=C.*C/C=C\C*.*C/C=C/C*$0.052$0.076$0.616$0.256,-77.53852299999997
*CC(*)c1ccccc1.*CC(*)C=C.*C/C=C\C*.*C/C=C/C*$0.224$0.024$0.272$0.48,-56.85588069960099
*CC(*)c1ccccc1.*CC(*)C=C.*C/C=C\C*.*C/C=C/C*$0.224$0.324$0.34$0.112,-24.265555499999977
*CC(*)c1ccccc1.*CC(*)C=C.*C/C=C\C*.*C/C=C/C*$0.124$0.176$0.416$0.284,-57.09898169999997
*CC(*)c1ccccc1.*CC(*)C=C.*C/C=C\C*.*C/C=C/C*$0.08$0.34$0.34$0.24,-56.03912651740097
*CC(*)c1ccccc1.*CC(*)C=C.*C/C=C\C*.*C/C=C/C*$0.276$0.424$0.104$0.196,-5.767517899999973
*CC(*)c1ccccc1.*CC(*)C=C.*C/C=C\C*.*C/C=C/C*$0.176$0.476$0.172$0.176,-16.949879499999952
*CC(*)c1ccccc1.*CC(*)C=C.*C/C=C\C*.*C/C=C/C*$0.052$0.448$0.104$0.396,-50.31282539999998
*CC(*)c1ccccc1.*CC(*)C=C.*C/C=C\C*.*C/C=C/C*$0.176$0.552$0.196$0.076,-13.414279199999953
*CC(*)c1ccccc1.*CC(*)C=C.*C/C=C\C*.*C/C=C/C*$0.1$0.248$0.096$0.556,-65.06067439999998
*CC(*)c1ccccc1.*CC(*)C=C.*C/C=C\C*.*C/C=C/C*$0.1$0.352$0.2$0.348,-47.29965899999999
*CC(*)c1ccccc1.*CC(*)C=C.*C/C=C\C*.*C/C=C/C*$0.176$0.024$0.276$0.524,-60.29393809999999
*CC(*)c1ccccc1.*CC(*)C=C.*C/C=C\C*.*C/C=C/C*$0.2$0.252$0.036$0.512,-36.796431728600965
*CC(*)c1ccccc1.*CC(*)C=C.*C/C=C\C*.*C/C=C/C*$0.06$0.268$0.396$0.276,-63.61621659999997
*CC(*)c1ccccc1.*CC(*)C=C.*C/C=C\C*.*C/C=C/C*$0.024$0.076$0.044$0.856,-100.87935849999997
*CC(*)c1ccccc1.*CC(*)C=C.*C/C=C\C*.*C/C=C/C*$0.3$0.424$0.208$0.068,0.42025069999999687
*CC(*)c1ccccc1.*CC(*)C=C.*C/C=C\C*.*C/C=C/C*$0.028$0.724$0.216$0.032,-32.50610539999997
*CC(*)c1ccccc1.*CC(*)C=C.*C/C=C\C*.*C/C=C/C*$0.224$0.152$0.34$0.284,-42.85680559999997
*CC(*)c1ccccc1.*CC(*)C=C.*C/C=C\C*.*C/C=C/C*$0.0$0.224$0.248$0.528,-83.01634219999997
*CC(*)c1ccccc1.*CC(*)C=C.*C/C=C\C*.*C/C=C/C*$0.152$0.748$0.028$0.072,9.5022783
*CC(*)c1ccccc1.*CC(*)C=C.*C/C=C\C*.*C/C=C/C*$0.1$0.024$0.428$0.448,-80.83641139999997
*CC(*)c1ccccc1.*CC(*)C=C.*C/C=C\C*.*C/C=C/C*$0.524$0.376$0.02$0.08,37.488466150200054
*CC(*)c1ccccc1.*CC(*)C=C.*C/C=C\C*.*C/C=C/C*$0.06$0.208$0.46$0.272,-65.16617816700096
*CC(*)c1ccccc1.*CC(*)C=C.*C/C=C\C*.*C/C=C/C*$0.2$0.176$0.508$0.116,-41.18944694540099
*CC(*)c1ccccc1.*CC(*)C=C.*C/C=C\C*.*C/C=C/C*$0.1$0.256$0.492$0.152,-50.40039779999998
*CC(*)c1ccccc1.*CC(*)C=C.*C/C=C\C*.*C/C=C/C*$0.1$0.316$0.316$0.268,-53.76842949999997
*CC(*)c1ccccc1.*CC(*)C=C.*C/C=C\C*.*C/C=C/C*$0.2$0.076$0.52$0.204,-52.26997209999999
*CC(*)c1ccccc1.*CC(*)C=C.*C/C=C\C*.*C/C=C/C*$0.2$0.276$0.072$0.452,-41.122272099999975
*CC(*)c1ccccc1.*CC(*)C=C.*C/C=C\C*.*C/C=C/C*$0.4$0.124$0.136$0.34,-5.933629199999984
*CC(*)c1ccccc1.*CC(*)C=C.*C/C=C\C*.*C/C=C/C*$0.076$0.048$0.372$0.504,-85.03340549999999
*CC(*)c1ccccc1.*CC(*)C=C.*C/C=C\C*.*C/C=C/C*$0.124$0.0$0.728$0.148,-67.96572979999999
*CC(*)c1ccccc1.*CC(*)C=C.*C/C=C\C*.*C/C=C/C*$0.224$0.224$0.144$0.408,-37.22586599999997
*CC(*)c1ccccc1.*CC(*)C=C.*C/C=C\C*.*C/C=C/C*$0.024$0.0$0.196$0.78,-98.44242829999999
*CC(*)c1ccccc1.*CC(*)C=C.*C/C=C\C*.*C/C=C/C*$0.652$0.2$0.072$0.076,45.146158200400066
*CC(*)c1ccccc1.*CC(*)C=C.*C/C=C\C*.*C/C=C/C*$0.024$0.2$0.036$0.74,-89.23598469999999
*CC(*)c1ccccc1.*CC(*)C=C.*C/C=C\C*.*C/C=C/C*$0.224$0.352$0.056$0.368,-22.847833599999973
*CC(*)c1ccccc1.*CC(*)C=C.*C/C=C\C*.*C/C=C/C*$0.776$0.176$0.02$0.028,70.60483100680005
*CC(*)c1ccccc1.*CC(*)C=C.*C/C=C\C*.*C/C=C/C*$0.476$0.224$0.1$0.2,11.015382242800058
*CC(*)c1ccccc1.*CC(*)C=C.*C/C=C\C*.*C/C=C/C*$0.024$0.552$0.304$0.12,-46.65656889999997
*CC(*)c1ccccc1.*CC(*)C=C.*C/C=C\C*.*C/C=C/C*$0.0$0.0$0.788$0.212,-88.84535499999998
*CC(*)c1ccccc1.*CC(*)C=C.*C/C=C\C*.*C/C=C/C*$0.276$0.2$0.252$0.272,-27.669681799999978
*CC(*)c1ccccc1.*CC(*)C=C.*C/C=C\C*.*C/C=C/C*$0.08$0.188$0.484$0.248,-61.17074839999998
*CC(*)c1ccccc1.*CC(*)C=C.*C/C=C\C*.*C/C=C/C*$0.12$0.176$0.436$0.268,-58.74163669999999
*CC(*)c1ccccc1.*CC(*)C=C.*C/C=C\C*.*C/C=C/C*$0.06$0.208$0.52$0.212,-66.84275249999999
*CC(*)c1ccccc1.*CC(*)C=C.*C/C=C\C*.*C/C=C/C*$0.0$0.476$0.228$0.296,-57.46854049999999
*CC(*)c1ccccc1.*CC(*)C=C.*C/C=C\C*.*C/C=C/C*$0.1$0.288$0.424$0.188,-52.06841799999998
*CC(*)c1ccccc1.*CC(*)C=C.*C/C=C\C*.*C/C=C/C*$0.2$0.476$0.252$0.072,-13.41791785660098
*CC(*)c1ccccc1.*CC(*)C=C.*C/C=C\C*.*C/C=C/C*$0.476$0.224$0.14$0.16,11.90084653200006
*CC(*)c1ccccc1.*CC(*)C=C.*C/C=C\C*.*C/C=C/C*$0.076$0.652$0.12$0.152,-19.47047839999999
*CC(*)c1ccccc1.*CC(*)C=C.*C/C=C\C*.*C/C=C/C*$0.08$0.308$0.436$0.176,-53.08371969999999
*CC(*)c1ccccc1.*CC(*)C=C.*C/C=C\C*.*C/C=C/C*$0.12$0.236$0.424$0.22,-53.619333299999965
*CC(*)c1ccccc1.*CC(*)C=C.*C/C=C\C*.*C/C=C/C*$0.1$0.228$0.396$0.276,-56.56042689999998
*CC(*)c1ccccc1.*CC(*)C=C.*C/C=C\C*.*C/C=C/C*$0.06$0.208$0.548$0.184,-66.23536352480099
*CC(*)c1ccccc1.*CC(*)C=C.*C/C=C\C*.*C/C=C/C*$0.252$0.048$0.408$0.292,-44.152501899999976
*CC(*)c1ccccc1.*CC(*)C=C.*C/C=C\C*.*C/C=C/C*$0.052$0.152$0.084$0.712,-86.15444009999999
*CC(*)c1ccccc1.*CC(*)C=C.*C/C=C\C*.*C/C=C/C*$0.052$0.248$0.296$0.404,-66.58529129999997
*CC(*)c1ccccc1.*CC(*)C=C.*C/C=C\C*.*C/C=C/C*$0.0$0.276$0.032$0.692,-86.93078679999996
*CC(*)c1ccccc1.*CC(*)C=C.*C/C=C\C*.*C/C=C/C*$0.024$0.2$0.696$0.08,-73.59444179999997
*CC(*)c1ccccc1.*CC(*)C=C.*C/C=C\C*.*C/C=C/C*$0.0$0.276$0.412$0.312,-76.65375919999997
*CC(*)c1ccccc1.*CC(*)C=C.*C/C=C\C*.*C/C=C/C*$0.352$0.0$0.112$0.536,-32.60382739999997
*CC(*)c1ccccc1.*CC(*)C=C.*C/C=C\C*.*C/C=C/C*$0.024$0.824$0.048$0.104,-19.891728599999965
*CC(*)c1ccccc1.*CC(*)C=C.*C/C=C\C*.*C/C=C/C*$0.5$0.1$0.072$0.328,10.45222590000003
*CC(*)c1ccccc1.*CC(*)C=C.*C/C=C\C*.*C/C=C/C*$0.124$0.376$0.028$0.472,-45.30868849999999
*CC(*)c1ccccc1.*CC(*)C=C.*C/C=C\C*.*C/C=C/C*$0.08$0.16$0.508$0.252,-65.20990199999997
*CC(*)c1ccccc1.*CC(*)C=C.*C/C=C\C*.*C/C=C/C*$0.2$0.676$0.076$0.048,8.798169500000029
*CC(*)c1ccccc1.*CC(*)C=C.*C/C=C\C*.*C/C=C/C*$0.148$0.176$0.596$0.08,-50.113658199999975
*CC(*)c1ccccc1.*CC(*)C=C.*C/C=C\C*.*C/C=C/C*$0.152$0.424$0.156$0.268,-33.568400999999966
*CC(*)c1ccccc1.*CC(*)C=C.*C/C=C\C*.*C/C=C/C*$0.124$0.252$0.08$0.544,-63.31427469999997
*CC(*)c1ccccc1.*CC(*)C=C.*C/C=C\C*.*C/C=C/C*$0.3$0.4$0.064$0.236,-1.2894822999999747
*CC(*)c1ccccc1.*CC(*)C=C.*C/C=C\C*.*C/C=C/C*$0.1$0.176$0.4$0.324,-65.42188089999999
*CC(*)c1ccccc1.*CC(*)C=C.*C/C=C\C*.*C/C=C/C*$0.076$0.4$0.056$0.468,-50.169385499999976
*CC(*)c1ccccc1.*CC(*)C=C.*C/C=C\C*.*C/C=C/C*$0.224$0.2$0.332$0.244,-34.57974830420099
*CC(*)c1ccccc1.*CC(*)C=C.*C/C=C\C*.*C/C=C/C*$0.176$0.0$0.468$0.356,-60.64899719999997
*CC(*)c1ccccc1.*CC(*)C=C.*C/C=C\C*.*C/C=C/C*$0.0$0.048$0.66$0.292,-81.87391019999998
*CC(*)c1ccccc1.*CC(*)C=C.*C/C=C\C*.*C/C=C/C*$0.124$0.524$0.26$0.092,-23.59909049999999
*CC(*)c1ccccc1.*CC(*)C=C.*C/C=C\C*.*C/C=C/C*$0.124$0.024$0.336$0.516,-69.33410969999997
*CC(*)c1ccccc1.*CC(*)C=C.*C/C=C\C*.*C/C=C/C*$0.0$0.2$0.488$0.312,-79.38892439999998
*CC(*)c1ccccc1.*CC(*)C=C.*C/C=C\C*.*C/C=C/C*$0.576$0.1$0.168$0.156,15.548696500000005
*CC(*)c1ccccc1.*CC(*)C=C.*C/C=C\C*.*C/C=C/C*$0.3$0.424$0.156$0.12,2.08023060000005
*CC(*)c1ccccc1.*CC(*)C=C.*C/C=C\C*.*C/C=C/C*$0.076$0.452$0.292$0.18,-42.430531299999984
*CC(*)c1ccccc1.*CC(*)C=C.*C/C=C\C*.*C/C=C/C*$0.288$0.264$0.136$0.312,-18.40241487220098
*CC(*)c1ccccc1.*CC(*)C=C.*C/C=C\C*.*C/C=C/C*$0.124$0.152$0.104$0.62,-67.53713169999997
*CC(*)c1ccccc1.*CC(*)C=C.*C/C=C\C*.*C/C=C/C*$0.324$0.076$0.268$0.332,-23.367133299999978
*CC(*)c1ccccc1.*CC(*)C=C.*C/C=C\C*.*C/C=C/C*$0.252$0.476$0.044$0.228,-0.40088959999997087
*CC(*)c1ccccc1.*CC(*)C=C.*C/C=C\C*.*C/C=C/C*$0.052$0.5$0.196$0.252,-44.78886539999996
*CC(*)c1ccccc1.*CC(*)C=C.*C/C=C\C*.*C/C=C/C*$0.172$0.216$0.396$0.216,-44.816946299999984
*CC(*)c1ccccc1.*CC(*)C=C.*C/C=C\C*.*C/C=C/C*$0.148$0.776$0.008$0.068,5.622355800000037
*CC(*)c1ccccc1.*CC(*)C=C.*C/C=C\C*.*C/C=C/C*$0.06$0.328$0.372$0.24,-58.03013299999998
*CC(*)c1ccccc1.*CC(*)C=C.*C/C=C\C*.*C/C=C/C*$0.224$0.276$0.388$0.112,-29.033445099999966
*CC(*)c1ccccc1.*CC(*)C=C.*C/C=C\C*.*C/C=C/C*$0.328$0.024$0.344$0.304,-28.080775099999983
*CC(*)c1ccccc1.*CC(*)C=C.*C/C=C\C*.*C/C=C/C*$0.124$0.476$0.072$0.328,-31.957200599999965
*CC(*)c1ccccc1.*CC(*)C=C.*C/C=C\C*.*C/C=C/C*$0.224$0.024$0.26$0.492,-54.86906939999997
*CC(*)c1ccccc1.*CC(*)C=C.*C/C=C\C*.*C/C=C/C*$0.08$0.248$0.46$0.212,-60.46585249999998
*CC(*)c1ccccc1.*CC(*)C=C.*C/C=C\C*.*C/C=C/C*$0.276$0.0$0.332$0.392,-46.246451399999984
*CC(*)c1ccccc1.*CC(*)C=C.*C/C=C\C*.*C/C=C/C*$0.0$0.276$0.308$0.416,-79.76260499999998
*CC(*)c1ccccc1.*CC(*)C=C.*C/C=C\C*.*C/C=C/C*$0.176$0.0$0.452$0.372,-66.38687819999998
*CC(*)c1ccccc1.*CC(*)C=C.*C/C=C\C*.*C/C=C/C*$0.152$0.024$0.072$0.752,-75.61491759999998
*CC(*)c1ccccc1.*CC(*)C=C.*C/C=C\C*.*C/C=C/C*$0.1$0.196$0.492$0.212,-61.893583699999965
*CC(*)c1ccccc1.*CC(*)C=C.*C/C=C\C*.*C/C=C/C*$0.1$0.076$0.596$0.228,-68.00868489999996
*CC(*)c1ccccc1.*CC(*)C=C.*C/C=C\C*.*C/C=C/C*$0.324$0.452$0.024$0.2,18.402020100000016
*CC(*)c1ccccc1.*CC(*)C=C.*C/C=C\C*.*C/C=C/C*$0.424$0.224$0.164$0.188,2.6320193940000536
*CC(*)c1ccccc1.*CC(*)C=C.*C/C=C\C*.*C/C=C/C*$0.276$0.024$0.26$0.44,-43.65228559999997
*CC(*)c1ccccc1.*CC(*)C=C.*C/C=C\C*.*C/C=C/C*$0.176$0.0$0.2$0.624,-69.59770219999999
*CC(*)c1ccccc1.*CC(*)C=C.*C/C=C\C*.*C/C=C/C*$0.0$0.1$0.58$0.32,-81.96180049999998
*CC(*)c1ccccc1.*CC(*)C=C.*C/C=C\C*.*C/C=C/C*$0.124$0.052$0.536$0.288,-70.88693019999997
*CC(*)c1ccccc1.*CC(*)C=C.*C/C=C\C*.*C/C=C/C*$0.124$0.276$0.108$0.492,-56.908580099999966
*CC(*)c1ccccc1.*CC(*)C=C.*C/C=C\C*.*C/C=C/C*$0.552$0.1$0.212$0.136,16.86361420000003
*CC(*)c1ccccc1.*CC(*)C=C.*C/C=C\C*.*C/C=C/C*$0.152$0.176$0.296$0.376,-55.41713279999999
*CC(*)c1ccccc1.*CC(*)C=C.*C/C=C\C*.*C/C=C/C*$0.624$0.124$0.14$0.112,30.47028210000002
*CC(*)c1ccccc1.*CC(*)C=C.*C/C=C\C*.*C/C=C/C*$0.424$0.424$0.108$0.044,20.289264300000013
*CC(*)c1ccccc1.*CC(*)C=C.*C/C=C\C*.*C/C=C/C*$0.1$0.076$0.068$0.756,-75.64643819999998
*CC(*)c1ccccc1.*CC(*)C=C.*C/C=C\C*.*C/C=C/C*$0.1$0.052$0.584$0.264,-72.04149269999996
*CC(*)c1ccccc1.*CC(*)C=C.*C/C=C\C*.*C/C=C/C*$0.252$0.2$0.192$0.356,-33.96184189999997
*CC(*)c1ccccc1.*CC(*)C=C.*C/C=C\C*.*C/C=C/C*$0.3$0.152$0.336$0.212,-22.598071999999974
*CC(*)c1ccccc1.*CC(*)C=C.*C/C=C\C*.*C/C=C/C*$0.224$0.2$0.064$0.512,-34.806621999999976
*CC(*)c1ccccc1.*CC(*)C=C.*C/C=C\C*.*C/C=C/C*$0.324$0.624$0.04$0.012,24.691565726200054
*CC(*)c1ccccc1.*CC(*)C=C.*C/C=C\C*.*C/C=C/C*$0.06$0.328$0.392$0.22,-56.40289769999998
*CC(*)c1ccccc1.*CC(*)C=C.*C/C=C\C*.*C/C=C/C*$0.076$0.7$0.184$0.04,-20.140879299999966
*CC(*)c1ccccc1.*CC(*)C=C.*C/C=C\C*.*C/C=C/C*$0.176$0.152$0.512$0.16,-50.066825799999975
*CC(*)c1ccccc1.*CC(*)C=C.*C/C=C\C*.*C/C=C/C*$0.3$0.2$0.336$0.164,-19.16008279999997
*CC(*)c1ccccc1.*CC(*)C=C.*C/C=C\C*.*C/C=C/C*$0.3$0.4$0.048$0.252,4.956166200000041
*CC(*)c1ccccc1.*CC(*)C=C.*C/C=C\C*.*C/C=C/C*$0.12$0.208$0.392$0.28,-55.944825099999974
*CC(*)c1ccccc1.*CC(*)C=C.*C/C=C\C*.*C/C=C/C*$0.2$0.324$0.34$0.136,-25.809517099999965
*CC(*)c1ccccc1.*CC(*)C=C.*C/C=C\C*.*C/C=C/C*$0.0$0.0$0.048$0.952,-111.03194359999998
*CC(*)c1ccccc1.*CC(*)C=C.*C/C=C\C*.*C/C=C/C*$0.152$0.052$0.084$0.712,-75.03761679999997
*CC(*)c1ccccc1.*CC(*)C=C.*C/C=C\C*.*C/C=C/C*$0.08$0.308$0.452$0.16,-55.17987683920097
*CC(*)c1ccccc1.*CC(*)C=C.*C/C=C\C*.*C/C=C/C*$0.3$0.524$0.088$0.088,14.167286000000047
*CC(*)c1ccccc1.*CC(*)C=C.*C/C=C\C*.*C/C=C/C*$0.152$0.8$0.004$0.044,7.195017300000018
*CC(*)c1ccccc1.*CC(*)C=C.*C/C=C\C*.*C/C=C/C*$0.052$0.7$0.008$0.24,-32.754077799999976
*CC(*)c1ccccc1.*CC(*)C=C.*C/C=C\C*.*C/C=C/C*$0.06$0.236$0.424$0.28,-63.24942278460097
*CC(*)c1ccccc1.*CC(*)C=C.*C/C=C\C*.*C/C=C/C*$0.324$0.576$0.0$0.1,22.428173200000003
*CC(*)c1ccccc1.*CC(*)C=C.*C/C=C\C*.*C/C=C/C*$0.12$0.268$0.476$0.136,-49.08700509999997
*CC(*)c1ccccc1.*CC(*)C=C.*C/C=C\C*.*C/C=C/C*$0.024$0.1$0.124$0.752,-89.72443249999998
*CC(*)c1ccccc1.*CC(*)C=C.*C/C=C\C*.*C/C=C/C*$0.152$0.1$0.496$0.252,-62.657473299999964
*CC(*)c1ccccc1.*CC(*)C=C.*C/C=C\C*.*C/C=C/C*$0.276$0.576$0.048$0.1,16.896454196200068
*CC(*)c1ccccc1.*CC(*)C=C.*C/C=C\C*.*C/C=C/C*$0.1$0.32$0.452$0.128,-47.40840209999999
*CC(*)c1ccccc1.*CC(*)C=C.*C/C=C\C*.*C/C=C/C*$0.1$0.288$0.448$0.164,-47.79554649999997
*CC(*)c1ccccc1.*CC(*)C=C.*C/C=C\C*.*C/C=C/C*$0.2$0.224$0.352$0.224,-42.83372455540098
*CC(*)c1ccccc1.*CC(*)C=C.*C/C=C\C*.*C/C=C/C*$0.2$0.076$0.24$0.484,-52.60979949999998
*CC(*)c1ccccc1.*CC(*)C=C.*C/C=C\C*.*C/C=C/C*$0.252$0.1$0.044$0.604,-46.12683329999999
*CC(*)c1ccccc1.*CC(*)C=C.*C/C=C\C*.*C/C=C/C*$0.3$0.024$0.324$0.352,-42.30352349999998
*CC(*)c1ccccc1.*CC(*)C=C.*C/C=C\C*.*C/C=C/C*$0.08$0.248$0.416$0.256,-57.248433945200986
*CC(*)c1ccccc1.*CC(*)C=C.*C/C=C\C*.*C/C=C/C*$0.06$0.208$0.484$0.248,-68.91233968940097
*CC(*)c1ccccc1.*CC(*)C=C.*C/C=C\C*.*C/C=C/C*$0.148$0.076$0.312$0.464,-63.69903879999998
*CC(*)c1ccccc1.*CC(*)C=C.*C/C=C\C*.*C/C=C/C*$0.1$0.26$0.396$0.244,-54.134863499999966
*CC(*)c1ccccc1.*CC(*)C=C.*C/C=C\C*.*C/C=C/C*$0.252$0.276$0.292$0.18,-25.408791499999978
*CC(*)c1ccccc1.*CC(*)C=C.*C/C=C\C*.*C/C=C/C*$0.152$0.2$0.212$0.436,-48.82522899999998
*CC(*)c1ccccc1.*CC(*)C=C.*C/C=C\C*.*C/C=C/C*$0.1$0.196$0.42$0.284,-60.38406998920098
*CC(*)c1ccccc1.*CC(*)C=C.*C/C=C\C*.*C/C=C/C*$0.2$0.224$0.06$0.516,-41.40224013140099
*CC(*)c1ccccc1.*CC(*)C=C.*C/C=C\C*.*C/C=C/C*$0.124$0.052$0.564$0.26,-67.21302419999998
*CC(*)c1ccccc1.*CC(*)C=C.*C/C=C\C*.*C/C=C/C*$0.052$0.0$0.704$0.244,-79.33731669999997
*CC(*)c1ccccc1.*CC(*)C=C.*C/C=C\C*.*C/C=C/C*$0.152$0.076$0.42$0.352,-64.73053909999999
*CC(*)c1ccccc1.*CC(*)C=C.*C/C=C\C*.*C/C=C/C*$0.028$0.024$0.48$0.468,-89.08772319999997
*CC(*)c1ccccc1.*CC(*)C=C.*C/C=C\C*.*C/C=C/C*$0.124$0.076$0.292$0.508,-69.93382699999998
*CC(*)c1ccccc1.*CC(*)C=C.*C/C=C\C*.*C/C=C/C*$0.024$0.624$0.004$0.348,-39.66607299999998
*CC(*)c1ccccc1.*CC(*)C=C.*C/C=C\C*.*C/C=C/C*$0.476$0.2$0.132$0.192,8.78088200000002
*CC(*)c1ccccc1.*CC(*)C=C.*C/C=C\C*.*C/C=C/C*$0.2$0.252$0.292$0.256,-33.83030849999997
*CC(*)c1ccccc1.*CC(*)C=C.*C/C=C\C*.*C/C=C/C*$0.2$0.7$0.032$0.068,8.287231600000041
*CC(*)c1ccccc1.*CC(*)C=C.*C/C=C\C*.*C/C=C/C*$0.152$0.452$0.236$0.16,-32.33664029999997
*CC(*)c1ccccc1.*CC(*)C=C.*C/C=C\C*.*C/C=C/C*$0.06$0.296$0.484$0.16,-60.151512873400975
*CC(*)c1ccccc1.*CC(*)C=C.*C/C=C\C*.*C/C=C/C*$0.324$0.552$0.072$0.052,16.74105415840006
*CC(*)c1ccccc1.*CC(*)C=C.*C/C=C\C*.*C/C=C/C*$0.0$0.752$0.212$0.036,-32.53570979999998
*CC(*)c1ccccc1.*CC(*)C=C.*C/C=C\C*.*C/C=C/C*$1.0$0.0$0.0$0.0,78.11587690000005
*CC(*)c1ccccc1.*CC(*)C=C.*C/C=C\C*.*C/C=C/C*$0.0$0.292$0.352$0.356,-81.24845329999997
*CC(*)c1ccccc1.*CC(*)C=C.*C/C=C\C*.*C/C=C/C*$0.2$0.0$0.3$0.5,-57.50687821880098
*CC(*)c1ccccc1.*CC(*)C=C.*C/C=C\C*.*C/C=C/C*$0.192$0.276$0.284$0.248,-39.88228829999997
*CC(*)c1ccccc1.*CC(*)C=C.*C/C=C\C*.*C/C=C/C*$0.024$0.324$0.204$0.448,-68.33422249999998
*CC(*)c1ccccc1.*CC(*)C=C.*C/C=C\C*.*C/C=C/C*$0.1$0.376$0.456$0.068,-46.00938039999997
*CC(*)c1ccccc1.*CC(*)C=C.*C/C=C\C*.*C/C=C/C*$0.08$0.22$0.516$0.184,-62.85916464820099
*CC(*)c1ccccc1.*CC(*)C=C.*C/C=C\C*.*C/C=C/C*$0.352$0.0$0.324$0.324,-32.150482409200976
*CC(*)c1ccccc1.*CC(*)C=C.*C/C=C\C*.*C/C=C/C*$0.276$0.076$0.5$0.148,-37.34664049999998
*CC(*)c1ccccc1.*CC(*)C=C.*C/C=C\C*.*C/C=C/C*$0.0$0.052$0.408$0.54,-96.52776679999997
*CC(*)c1ccccc1.*CC(*)C=C.*C/C=C\C*.*C/C=C/C*$0.052$0.024$0.516$0.408,-83.92723479999998
*CC(*)c1ccccc1.*CC(*)C=C.*C/C=C\C*.*C/C=C/C*$0.5$0.5$0.0$0.0,46.22647476440005
*CC(*)c1ccccc1.*CC(*)C=C.*C/C=C\C*.*C/C=C/C*$0.152$0.3$0.348$0.2,-42.20380149999997
*CC(*)c1ccccc1.*CC(*)C=C.*C/C=C\C*.*C/C=C/C*$0.06$0.236$0.48$0.224,-60.69399122740097
*CC(*)c1ccccc1.*CC(*)C=C.*C/C=C\C*.*C/C=C/C*$0.228$0.224$0.216$0.332,-32.49632809999997
*CC(*)c1ccccc1.*CC(*)C=C.*C/C=C\C*.*C/C=C/C*$0.344$0.192$0.204$0.26,-12.618611899999962
*CC(*)c1ccccc1.*CC(*)C=C.*C/C=C\C*.*C/C=C/C*$0.0$0.052$0.348$0.6,-93.77718129999997
*CC(*)c1ccccc1.*CC(*)C=C.*C/C=C\C*.*C/C=C/C*$0.12$0.3$0.4$0.18,-48.66160519999997
*CC(*)c1ccccc1.*CC(*)C=C.*C/C=C\C*.*C/C=C/C*$0.124$0.152$0.232$0.492,-65.34943299999998
*CC(*)c1ccccc1.*CC(*)C=C.*C/C=C\C*.*C/C=C/C*$0.1$0.32$0.332$0.248,-50.41988199999997
*CC(*)c1ccccc1.*CC(*)C=C.*C/C=C\C*.*C/C=C/C*$0.228$0.524$0.18$0.068,-3.1026677999999492
*CC(*)c1ccccc1.*CC(*)C=C.*C/C=C\C*.*C/C=C/C*$0.4$0.024$0.208$0.368,-21.49290129999997
*CC(*)c1ccccc1.*CC(*)C=C.*C/C=C\C*.*C/C=C/C*$0.1$0.048$0.668$0.184,-72.83235829999998
*CC(*)c1ccccc1.*CC(*)C=C.*C/C=C\C*.*C/C=C/C*$0.5$0.352$0.08$0.068,36.58363440000005
*CC(*)c1ccccc1.*CC(*)C=C.*C/C=C\C*.*C/C=C/C*$0.12$0.296$0.312$0.272,-48.171158099999985
*CC(*)c1ccccc1.*CC(*)C=C.*C/C=C\C*.*C/C=C/C*$0.1$0.288$0.396$0.216,-52.09462749999997
*CC(*)c1ccccc1.*CC(*)C=C.*C/C=C\C*.*C/C=C/C*$0.228$0.124$0.332$0.316,-43.81229939999997
*CC(*)c1ccccc1.*CC(*)C=C.*C/C=C\C*.*C/C=C/C*$0.024$0.424$0.436$0.116,-58.030939899999964
*CC(*)c1ccccc1.*CC(*)C=C.*C/C=C\C*.*C/C=C/C*$0.176$0.252$0.456$0.116,-42.780500194800965
*CC(*)c1ccccc1.*CC(*)C=C.*C/C=C\C*.*C/C=C/C*$0.176$0.676$0.108$0.04,-4.4294640999999615
*CC(*)c1ccccc1.*CC(*)C=C.*C/C=C\C*.*C/C=C/C*$0.176$0.224$0.344$0.256,-44.82578829999997
*CC(*)c1ccccc1.*CC(*)C=C.*C/C=C\C*.*C/C=C/C*$0.0$0.1$0.396$0.504,-92.31894409999998
*CC(*)c1ccccc1.*CC(*)C=C.*C/C=C\C*.*C/C=C/C*$0.524$0.124$0.068$0.284,8.770730203600067
*CC(*)c1ccccc1.*CC(*)C=C.*C/C=C\C*.*C/C=C/C*$0.076$0.424$0.356$0.144,-46.29147839999999
*CC(*)c1ccccc1.*CC(*)C=C.*C/C=C\C*.*C/C=C/C*$0.124$0.076$0.388$0.412,-75.86505659999997
*CC(*)c1ccccc1.*CC(*)C=C.*C/C=C\C*.*C/C=C/C*$0.376$0.524$0.064$0.036,27.484162200000014
*CC(*)c1ccccc1.*CC(*)C=C.*C/C=C\C*.*C/C=C/C*$0.1$0.228$0.424$0.248,-58.86105729999997
*CC(*)c1ccccc1.*CC(*)C=C.*C/C=C\C*.*C/C=C/C*$0.3$0.352$0.28$0.068,-1.35581209999998
*CC(*)c1ccccc1.*CC(*)C=C.*C/C=C\C*.*C/C=C/C*$0.524$0.4$0.016$0.06,38.34519390000003
*CC(*)c1ccccc1.*CC(*)C=C.*C/C=C\C*.*C/C=C/C*$0.576$0.124$0.144$0.156,23.20452585660007
*CC(*)c1ccccc1.*CC(*)C=C.*C/C=C\C*.*C/C=C/C*$0.424$0.3$0.188$0.088,9.348383300000023
*CC(*)c1ccccc1.*CC(*)C=C.*C/C=C\C*.*C/C=C/C*$0.08$0.22$0.464$0.236,-60.82331979999998
*CC(*)c1ccccc1.*CC(*)C=C.*C/C=C\C*.*C/C=C/C*$0.0$0.476$0.424$0.1,-51.771826199999964
*CC(*)c1ccccc1.*CC(*)C=C.*C/C=C\C*.*C/C=C/C*$0.1$0.228$0.476$0.196,-53.784280799999976
*CC(*)c1ccccc1.*CC(*)C=C.*C/C=C\C*.*C/C=C/C*$0.2$0.024$0.104$0.672,-60.04062659999997
*CC(*)c1ccccc1.*CC(*)C=C.*C/C=C\C*.*C/C=C/C*$0.1$0.452$0.268$0.18,-37.02861149999998
*CC(*)c1ccccc1.*CC(*)C=C.*C/C=C\C*.*C/C=C/C*$0.276$0.276$0.34$0.108,-14.611836499999981
*CC(*)c1ccccc1.*CC(*)C=C.*C/C=C\C*.*C/C=C/C*$0.276$0.076$0.252$0.396,-43.20493749999997
*CC(*)c1ccccc1.*CC(*)C=C.*C/C=C\C*.*C/C=C/C*$0.1$0.024$0.216$0.66,-83.60774769999998
*CC(*)c1ccccc1.*CC(*)C=C.*C/C=C\C*.*C/C=C/C*$0.224$0.552$0.156$0.068,-2.3854255999999623
*CC(*)c1ccccc1.*CC(*)C=C.*C/C=C\C*.*C/C=C/C*$0.124$0.552$0.08$0.244,-29.479650799999973
*CC(*)c1ccccc1.*CC(*)C=C.*C/C=C\C*.*C/C=C/C*$0.2$0.024$0.192$0.584,-66.85048579999997
*CC(*)c1ccccc1.*CC(*)C=C.*C/C=C\C*.*C/C=C/C*$0.024$0.3$0.196$0.48,-65.41634359999998
*CC(*)c1ccccc1.*CC(*)C=C.*C/C=C\C*.*C/C=C/C*$0.152$0.048$0.36$0.44,-61.95620139999997
*CC(*)c1ccccc1.*CC(*)C=C.*C/C=C\C*.*C/C=C/C*$0.0$0.024$0.232$0.744,-99.57807859999997
*CC(*)c1ccccc1.*CC(*)C=C.*C/C=C\C*.*C/C=C/C*$0.076$0.0$0.78$0.144,-74.67201309999999
*CC(*)c1ccccc1.*CC(*)C=C.*C/C=C\C*.*C/C=C/C*$0.176$0.6$0.156$0.068,-9.129236899999967
*CC(*)c1ccccc1.*CC(*)C=C.*C/C=C\C*.*C/C=C/C*$0.26$0.364$0.172$0.204,-15.284014899999988
*CC(*)c1ccccc1.*CC(*)C=C.*C/C=C\C*.*C/C=C/C*$0.12$0.268$0.432$0.18,-53.54356379999999
*CC(*)c1ccccc1.*CC(*)C=C.*C/C=C\C*.*C/C=C/C*$0.152$0.252$0.484$0.112,-39.47200849999999
*CC(*)c1ccccc1.*CC(*)C=C.*C/C=C\C*.*C/C=C/C*$0.08$0.276$0.48$0.164,-54.89988599820097
*CC(*)c1ccccc1.*CC(*)C=C.*C/C=C\C*.*C/C=C/C*$0.076$0.176$0.108$0.64,-75.78473069999998
*CC(*)c1ccccc1.*CC(*)C=C.*C/C=C\C*.*C/C=C/C*$0.344$0.32$0.156$0.18,0.4097384000000375
*CC(*)c1ccccc1.*CC(*)C=C.*C/C=C\C*.*C/C=C/C*$0.1$0.26$0.508$0.132,-52.27062619999998
*CC(*)c1ccccc1.*CC(*)C=C.*C/C=C\C*.*C/C=C/C*$0.052$0.0$0.156$0.792,-94.66081519999997
*CC(*)c1ccccc1.*CC(*)C=C.*C/C=C\C*.*C/C=C/C*$0.252$0.348$0.168$0.232,-15.165689799999996
*CC(*)c1ccccc1.*CC(*)C=C.*C/C=C\C*.*C/C=C/C*$0.048$0.276$0.544$0.132,-61.85193989999999
*CC(*)c1ccccc1.*CC(*)C=C.*C/C=C\C*.*C/C=C/C*$0.5$0.4$0.02$0.08,46.70042140000004
*CC(*)c1ccccc1.*CC(*)C=C.*C/C=C\C*.*C/C=C/C*$0.06$0.3$0.4$0.24,-62.53876857860098
*CC(*)c1ccccc1.*CC(*)C=C.*C/C=C\C*.*C/C=C/C*$0.176$0.2$0.432$0.192,-45.33349049999998
*CC(*)c1ccccc1.*CC(*)C=C.*C/C=C\C*.*C/C=C/C*$0.052$0.148$0.448$0.352,-69.50452259999997
*CC(*)c1ccccc1.*CC(*)C=C.*C/C=C\C*.*C/C=C/C*$0.424$0.376$0.08$0.12,21.0920203
*CC(*)c1ccccc1.*CC(*)C=C.*C/C=C\C*.*C/C=C/C*$0.176$0.224$0.26$0.34,-47.400607099999974
*CC(*)c1ccccc1.*CC(*)C=C.*C/C=C\C*.*C/C=C/C*$0.028$0.124$0.552$0.296,-78.83656149999999
*CC(*)c1ccccc1.*CC(*)C=C.*C/C=C\C*.*C/C=C/C*$0.2$0.052$0.184$0.564,-57.668228947600966
*CC(*)c1ccccc1.*CC(*)C=C.*C/C=C\C*.*C/C=C/C*$0.1$0.452$0.22$0.228,-41.27606709999998
*CC(*)c1ccccc1.*CC(*)C=C.*C/C=C\C*.*C/C=C/C*$0.352$0.3$0.26$0.088,-6.628578799999957
*CC(*)c1ccccc1.*CC(*)C=C.*C/C=C\C*.*C/C=C/C*$0.076$0.476$0.28$0.168,-42.34684569999999
*CC(*)c1ccccc1.*CC(*)C=C.*C/C=C\C*.*C/C=C/C*$0.0$0.7$0.296$0.004,-38.570237599999984
*CC(*)c1ccccc1.*CC(*)C=C.*C/C=C\C*.*C/C=C/C*$0.08$0.308$0.488$0.124,-51.450311173600966
*CC(*)c1ccccc1.*CC(*)C=C.*C/C=C\C*.*C/C=C/C*$0.1$0.6$0.26$0.04,-29.654656099999983
*CC(*)c1ccccc1.*CC(*)C=C.*C/C=C\C*.*C/C=C/C*$0.224$0.624$0.068$0.084,4.403613900000039
*CC(*)c1ccccc1.*CC(*)C=C.*C/C=C\C*.*C/C=C/C*$0.12$0.236$0.468$0.176,-49.030359299999986
*CC(*)c1ccccc1.*CC(*)C=C.*C/C=C\C*.*C/C=C/C*$0.176$0.024$0.448$0.352,-64.01913969999998
*CC(*)c1ccccc1.*CC(*)C=C.*C/C=C\C*.*C/C=C/C*$0.024$0.1$0.428$0.448,-86.50788469999998
*CC(*)c1ccccc1.*CC(*)C=C.*C/C=C\C*.*C/C=C/C*$0.2$0.124$0.388$0.288,-47.58029079999997
*CC(*)c1ccccc1.*CC(*)C=C.*C/C=C\C*.*C/C=C/C*$0.12$0.208$0.48$0.192,-56.22064279999998
*CC(*)c1ccccc1.*CC(*)C=C.*C/C=C\C*.*C/C=C/C*$0.052$0.224$0.432$0.292,-69.06160839999998
*CC(*)c1ccccc1.*CC(*)C=C.*C/C=C\C*.*C/C=C/C*$0.06$0.268$0.452$0.22,-63.628477799999985
*CC(*)c1ccccc1.*CC(*)C=C.*C/C=C\C*.*C/C=C/C*$0.148$0.176$0.264$0.412,-55.60508949999999
*CC(*)c1ccccc1.*CC(*)C=C.*C/C=C\C*.*C/C=C/C*$0.06$0.296$0.432$0.212,-58.706662338400974
*CC(*)c1ccccc1.*CC(*)C=C.*C/C=C\C*.*C/C=C/C*$0.08$0.336$0.368$0.216,-56.28432139999998
*CC(*)c1ccccc1.*CC(*)C=C.*C/C=C\C*.*C/C=C/C*$0.528$0.224$0.164$0.084,19.38144440000002
*CC(*)c1ccccc1.*CC(*)C=C.*C/C=C\C*.*C/C=C/C*$0.1$0.2$0.512$0.188,-58.22470555880099
*CC(*)c1ccccc1.*CC(*)C=C.*C/C=C\C*.*C/C=C/C*$0.752$0.1$0.064$0.084,58.03938050000005
*CC(*)c1ccccc1.*CC(*)C=C.*C/C=C\C*.*C/C=C/C*$0.276$0.076$0.308$0.34,-40.634297799999985
*CC(*)c1ccccc1.*CC(*)C=C.*C/C=C\C*.*C/C=C/C*$0.06$0.18$0.52$0.24,-71.23692259999999
*CC(*)c1ccccc1.*CC(*)C=C.*C/C=C\C*.*C/C=C/C*$0.252$0.0$0.436$0.312,-51.876049499999965
*CC(*)c1ccccc1.*CC(*)C=C.*C/C=C\C*.*C/C=C/C*$0.452$0.3$0.04$0.208,23.21777009040005
*CC(*)c1ccccc1.*CC(*)C=C.*C/C=C\C*.*C/C=C/C*$0.08$0.28$0.504$0.136,-57.42873659999998
*CC(*)c1ccccc1.*CC(*)C=C.*C/C=C\C*.*C/C=C/C*$0.424$0.224$0.196$0.156,2.061692800000003
*CC(*)c1ccccc1.*CC(*)C=C.*C/C=C\C*.*C/C=C/C*$0.1$0.276$0.172$0.452,-60.84222839999998
*CC(*)c1ccccc1.*CC(*)C=C.*C/C=C\C*.*C/C=C/C*$0.252$0.124$0.088$0.536,-40.426960399999984
*CC(*)c1ccccc1.*CC(*)C=C.*C/C=C\C*.*C/C=C/C*$0.0$0.424$0.152$0.424,-67.19984319999998
*CC(*)c1ccccc1.*CC(*)C=C.*C/C=C\C*.*C/C=C/C*$0.1$0.228$0.532$0.14,-54.85518937060098
*CC(*)c1ccccc1.*CC(*)C=C.*C/C=C\C*.*C/C=C/C*$0.1$0.228$0.508$0.164,-60.16416309999997
*CC(*)c1ccccc1.*CC(*)C=C.*C/C=C\C*.*C/C=C/C*$0.12$0.3$0.444$0.136,-42.01217239999997
*CC(*)c1ccccc1.*CC(*)C=C.*C/C=C\C*.*C/C=C/C*$0.08$0.28$0.448$0.192,-53.98965489999998
*CC(*)c1ccccc1.*CC(*)C=C.*C/C=C\C*.*C/C=C/C*$0.0$0.052$0.192$0.756,-98.17536079999996
*CC(*)c1ccccc1.*CC(*)C=C.*C/C=C\C*.*C/C=C/C*$0.4$0.5$0.064$0.036,32.687842200000034
*CC(*)c1ccccc1.*CC(*)C=C.*C/C=C\C*.*C/C=C/C*$0.048$0.076$0.116$0.76,-91.48789939999998
*CC(*)c1ccccc1.*CC(*)C=C.*C/C=C\C*.*C/C=C/C*$0.4$0.424$0.084$0.092,19.434729000000004
*CC(*)c1ccccc1.*CC(*)C=C.*C/C=C\C*.*C/C=C/C*$0.052$0.048$0.348$0.552,-87.16778439999999
*CC(*)c1ccccc1.*CC(*)C=C.*C/C=C\C*.*C/C=C/C*$0.0$0.4$0.152$0.448,-70.07032579999998
*CC(*)c1ccccc1.*CC(*)C=C.*C/C=C\C*.*C/C=C/C*$0.576$0.024$0.132$0.268,10.384722063600066
*CC(*)c1ccccc1.*CC(*)C=C.*C/C=C\C*.*C/C=C/C*$0.324$0.4$0.128$0.148,2.1806817000000365
*CC(*)c1ccccc1.*CC(*)C=C.*C/C=C\C*.*C/C=C/C*$0.076$0.876$0.024$0.024,1.2987974000000122
*CC(*)c1ccccc1.*CC(*)C=C.*C/C=C\C*.*C/C=C/C*$0.624$0.352$0.004$0.02,59.318925200000024
*CC(*)c1ccccc1.*CC(*)C=C.*C/C=C\C*.*C/C=C/C*$0.276$0.3$0.32$0.104,-15.513095599999986
*CC(*)c1ccccc1.*CC(*)C=C.*C/C=C\C*.*C/C=C/C*$0.0$0.524$0.064$0.412,-57.54873789999996
*CC(*)c1ccccc1.*CC(*)C=C.*C/C=C\C*.*C/C=C/C*$0.0$0.692$0.152$0.156,-38.75962229999999
*CC(*)c1ccccc1.*CC(*)C=C.*C/C=C\C*.*C/C=C/C*$0.08$0.336$0.42$0.164,-48.60415039999998
*CC(*)c1ccccc1.*CC(*)C=C.*C/C=C\C*.*C/C=C/C*$0.624$0.0$0.104$0.272,22.246385300000043
*CC(*)c1ccccc1.*CC(*)C=C.*C/C=C\C*.*C/C=C/C*$0.0$0.3$0.376$0.324,-74.46674919999998
*CC(*)c1ccccc1.*CC(*)C=C.*C/C=C\C*.*C/C=C/C*$0.08$0.248$0.484$0.188,-55.730204499999985
*CC(*)c1ccccc1.*CC(*)C=C.*C/C=C\C*.*C/C=C/C*$0.06$0.24$0.52$0.18,-63.093381056000965
*CC(*)c1ccccc1.*CC(*)C=C.*C/C=C\C*.*C/C=C/C*$0.224$0.024$0.324$0.428,-50.609704301800974
*CC(*)c1ccccc1.*CC(*)C=C.*C/C=C\C*.*C/C=C/C*$0.1$0.196$0.536$0.168,-55.26561377840099
*CC(*)c1ccccc1.*CC(*)C=C.*C/C=C\C*.*C/C=C/C*$0.06$0.328$0.324$0.288,-62.83430979999997
*CC(*)c1ccccc1.*CC(*)C=C.*C/C=C\C*.*C/C=C/C*$0.076$0.124$0.332$0.468,-73.62209829999998
*CC(*)c1ccccc1.*CC(*)C=C.*C/C=C\C*.*C/C=C/C*$0.552$0.248$0.068$0.132,31.86389210620007
*CC(*)c1ccccc1.*CC(*)C=C.*C/C=C\C*.*C/C=C/C*$0.048$0.176$0.392$0.384,-81.09593939999996
*CC(*)c1ccccc1.*CC(*)C=C.*C/C=C\C*.*C/C=C/C*$0.152$0.176$0.484$0.188,-49.17286759999999
*CC(*)c1ccccc1.*CC(*)C=C.*C/C=C\C*.*C/C=C/C*$0.176$0.576$0.1$0.148,-5.690553899999998
*CC(*)c1ccccc1.*CC(*)C=C.*C/C=C\C*.*C/C=C/C*$0.0$0.0$0.816$0.184,-84.33976709999999
*CC(*)c1ccccc1.*CC(*)C=C.*C/C=C\C*.*C/C=C/C*$0.076$0.476$0.424$0.024,-40.04183649999999
*CC(*)c1ccccc1.*CC(*)C=C.*C/C=C\C*.*C/C=C/C*$0.0$0.148$0.556$0.296,-83.57115739999998
*CC(*)c1ccccc1.*CC(*)C=C.*C/C=C\C*.*C/C=C/C*$0.076$0.548$0.304$0.072,-34.74894759999998
*CC(*)c1ccccc1.*CC(*)C=C.*C/C=C\C*.*C/C=C/C*$0.0$0.224$0.108$0.668,-84.30049989999998
*CC(*)c1ccccc1.*CC(*)C=C.*C/C=C\C*.*C/C=C/C*$0.124$0.2$0.248$0.428,-59.560768199999984
*CC(*)c1ccccc1.*CC(*)C=C.*C/C=C\C*.*C/C=C/C*$0.152$0.588$0.132$0.128,-13.927407899999992
*CC(*)c1ccccc1.*CC(*)C=C.*C/C=C\C*.*C/C=C/C*$0.224$0.024$0.52$0.232,-48.90452039999997
*CC(*)c1ccccc1.*CC(*)C=C.*C/C=C\C*.*C/C=C/C*$0.06$0.328$0.432$0.18,-57.136852431800975
*CC(*)c1ccccc1.*CC(*)C=C.*C/C=C\C*.*C/C=C/C*$0.224$0.424$0.176$0.176,-15.602807499999983
*CC(*)c1ccccc1.*CC(*)C=C.*C/C=C\C*.*C/C=C/C*$0.056$0.464$0.244$0.236,-47.26732629999998
*CC(*)c1ccccc1.*CC(*)C=C.*C/C=C\C*.*C/C=C/C*$0.6$0.1$0.056$0.244,25.252641366200066
*CC(*)c1ccccc1.*CC(*)C=C.*C/C=C\C*.*C/C=C/C*$0.08$0.156$0.552$0.212,-68.18280259360097
*CC(*)c1ccccc1.*CC(*)C=C.*C/C=C\C*.*C/C=C/C*$0.276$0.024$0.332$0.368,-42.688693599999965
*CC(*)c1ccccc1.*CC(*)C=C.*C/C=C\C*.*C/C=C/C*$0.276$0.376$0.264$0.084,-7.251375699999983
*CC(*)c1ccccc1.*CC(*)C=C.*C/C=C\C*.*C/C=C/C*$0.08$0.308$0.344$0.268,-57.96959899999999
*CC(*)c1ccccc1.*CC(*)C=C.*C/C=C\C*.*C/C=C/C*$0.128$0.224$0.464$0.184,-50.443161299999986
*CC(*)c1ccccc1.*CC(*)C=C.*C/C=C\C*.*C/C=C/C*$0.176$0.548$0.088$0.188,-13.16198449999996
*CC(*)c1ccccc1.*CC(*)C=C.*C/C=C\C*.*C/C=C/C*$0.12$0.3$0.336$0.244,-48.288685183800965
*CC(*)c1ccccc1.*CC(*)C=C.*C/C=C\C*.*C/C=C/C*$0.024$0.052$0.576$0.348,-88.32997009999997
*CC(*)c1ccccc1.*CC(*)C=C.*C/C=C\C*.*C/C=C/C*$0.224$0.124$0.244$0.408,-45.23512756040097
*CC(*)c1ccccc1.*CC(*)C=C.*C/C=C\C*.*C/C=C/C*$0.176$0.0$0.636$0.188,-57.65634669999997
*CC(*)c1ccccc1.*CC(*)C=C.*C/C=C\C*.*C/C=C/C*$0.1$0.26$0.452$0.188,-55.91257249999998
*CC(*)c1ccccc1.*CC(*)C=C.*C/C=C\C*.*C/C=C/C*$0.076$0.124$0.472$0.328,-71.95858169999997
*CC(*)c1ccccc1.*CC(*)C=C.*C/C=C\C*.*C/C=C/C*$0.052$0.152$0.504$0.292,-75.54440789999998
*CC(*)c1ccccc1.*CC(*)C=C.*C/C=C\C*.*C/C=C/C*$0.1$0.276$0.488$0.136,-52.45509979999997
*CC(*)c1ccccc1.*CC(*)C=C.*C/C=C\C*.*C/C=C/C*$0.2$0.2$0.14$0.46,-47.37691744540098
*CC(*)c1ccccc1.*CC(*)C=C.*C/C=C\C*.*C/C=C/C*$0.076$0.348$0.112$0.464,-60.12432839999997
*CC(*)c1ccccc1.*CC(*)C=C.*C/C=C\C*.*C/C=C/C*$0.06$0.268$0.516$0.156,-57.472395047400965
*CC(*)c1ccccc1.*CC(*)C=C.*C/C=C\C*.*C/C=C/C*$0.248$0.6$0.064$0.088,1.3858581000000072
*CC(*)c1ccccc1.*CC(*)C=C.*C/C=C\C*.*C/C=C/C*$0.2$0.024$0.564$0.212,-53.68543399999999
*CC(*)c1ccccc1.*CC(*)C=C.*C/C=C\C*.*C/C=C/C*$0.224$0.1$0.376$0.3,-50.00778809999997
*CC(*)c1ccccc1.*CC(*)C=C.*C/C=C\C*.*C/C=C/C*$0.08$0.276$0.36$0.284,-63.15226976960099
*CC(*)c1ccccc1.*CC(*)C=C.*C/C=C\C*.*C/C=C/C*$0.0$0.6$0.012$0.388,-51.39475939999997
*CC(*)c1ccccc1.*CC(*)C=C.*C/C=C\C*.*C/C=C/C*$0.024$0.3$0.5$0.176,-61.257229799999976
*CC(*)c1ccccc1.*CC(*)C=C.*C/C=C\C*.*C/C=C/C*$0.12$0.18$0.444$0.256,-54.892771599999975
*CC(*)c1ccccc1.*CC(*)C=C.*C/C=C\C*.*C/C=C/C*$0.224$0.124$0.1$0.552,-52.30375553240097
*CC(*)c1ccccc1.*CC(*)C=C.*C/C=C\C*.*C/C=C/C*$0.352$0.076$0.396$0.176,-20.319908099999964
*CC(*)c1ccccc1.*CC(*)C=C.*C/C=C\C*.*C/C=C/C*$0.276$0.3$0.276$0.148,-17.160240999999985
*CC(*)c1ccccc1.*CC(*)C=C.*C/C=C\C*.*C/C=C/C*$0.6$0.124$0.064$0.212,23.0606535
*CC(*)c1ccccc1.*CC(*)C=C.*C/C=C\C*.*C/C=C/C*$0.124$0.424$0.192$0.26,-44.74093899999997
*CC(*)c1ccccc1.*CC(*)C=C.*C/C=C\C*.*C/C=C/C*$0.0$0.652$0.216$0.132,-37.67397549999998
*CC(*)c1ccccc1.*CC(*)C=C.*C/C=C\C*.*C/C=C/C*$0.052$0.352$0.232$0.364,-60.42989879999999
*CC(*)c1ccccc1.*CC(*)C=C.*C/C=C\C*.*C/C=C/C*$0.0$0.252$0.42$0.328,-77.43449349999997
*CC(*)c1ccccc1.*CC(*)C=C.*C/C=C\C*.*C/C=C/C*$0.024$0.124$0.616$0.236,-81.51781429999997
*CC(*)c1ccccc1.*CC(*)C=C.*C/C=C\C*.*C/C=C/C*$0.1$0.288$0.476$0.136,-48.54885629999998
*CC(*)c1ccccc1.*CC(*)C=C.*C/C=C\C*.*C/C=C/C*$0.076$0.248$0.096$0.58,-71.43738339999999
*CC(*)c1ccccc1.*CC(*)C=C.*C/C=C\C*.*C/C=C/C*$0.1$0.168$0.536$0.196,-66.01858509999997
*CC(*)c1ccccc1.*CC(*)C=C.*C/C=C\C*.*C/C=C/C*$0.264$0.512$0.108$0.116,10.04843496920006
*CC(*)c1ccccc1.*CC(*)C=C.*C/C=C\C*.*C/C=C/C*$0.524$0.076$0.192$0.208,8.814146400000027
*CC(*)c1ccccc1.*CC(*)C=C.*C/C=C\C*.*C/C=C/C*$0.3$0.276$0.26$0.164,-13.149243999999953
*CC(*)c1ccccc1.*CC(*)C=C.*C/C=C\C*.*C/C=C/C*$0.152$0.476$0.128$0.244,-28.810826099999986
*CC(*)c1ccccc1.*CC(*)C=C.*C/C=C\C*.*C/C=C/C*$0.124$0.052$0.628$0.196,-66.05861149999998
*CC(*)c1ccccc1.*CC(*)C=C.*C/C=C\C*.*C/C=C/C*$0.324$0.524$0.1$0.052,21.231829573600066
*CC(*)c1ccccc1.*CC(*)C=C.*C/C=C\C*.*C/C=C/C*$0.0$1.0$0.0$0.0,-11.102520499999969
